hc_sa_set	pop	1	0	-3.559577716205844	69.60965689782716	-9.675354536340834	-7.742273373173003	26.578920434394917	109.79279859783149	56.366526206973475	-68.13385875668384	21.090106350312876	46.6428461334617	-34.535324932909624	-10.506077737094875	-27.810942430046016	-32.740724510125546	83.44751032598532	-68.83546258622063	36.92451484909118	-86.55753390754235	-76.82100244600701	-17.103187193579046	-88.96964728956499	-1.922491864147709	29.50781337171012	37.716913068003834	52.16691365656944	-35.771114355344494	29.663564589189992	-66.23261798291631	-110.97641307825295	-61.437183212370684	-144.34231581258953	-89.97263266870868	-43.610389287502684	-54.94189809472249	24.81022328242629	-18.771897887895292	-48.08393772592884	-16.67377284532619	43.84974284772636	-38.78016786830844	-45.22384991823254	-97.37579178422631	160.64042563588956	-99.08941479282372	-1.6462248536274426	49.4640543625966	38.687698004320566	-3.329383694525312	-36.428506653840124	85.80219251752604	91.69309572412719	-125.68374508187725	23.060064461140726	58.381081424480165	98.29925322780275	-34.771483563648786	-8.983497030789547	-15.504352875972018	7.343195326173964	9.791666661237608	-3.3693140422466623	1.8847752644032596	-2.6825355218677274	-38.347639507759965	-3.82640452644058	41.376053399564	25.707502697874713	98.03457328167661	-40.97807905799939	-54.928595006813616	92.3092054108497	102.29657583240895	-39.75773018891693	-2.1767271332749942	15.43978297854057	70.8154494076831	-0.8281651817836533	-46.491408802681825	-102.05445206482125	24.95516977750169	-77.61521481837822	36.48580312408879	50.203465792798255	-77.20077478562025	15.743346483753275	9.38384737844875	39.38339671078473	33.75036241141447	19.555877656947604	21.795004405425136	-22.996921222596164	61.266916174813815	-68.08249041001062	-59.8071830122825	-48.009894346470624	-6.987305460843416	2.267276361545866	43.338728721041875	-4.584283048329134	-27.225573489548477	66.93673323367561	144.84052539991882	133.65965932443493	55.360003046622495	-1.5334965834411207	12.152624150295367	-96.91688034122268	33.42801028016325	56.237202976865404	2.9964007576111342	67.30602161795285	42.11996128528703	-16.679990472413838	37.207874581429316	131.97156374585282	-65.98923041782948	-48.8911078750899	14.843002404222917	80.85451831838182	2.1085600568284484	131.28378874730384	-132.41724729643545	-71.54557544439142	-37.94025283085436	-8.285899794889794	38.90889676745665	-4.934358034927165	7.837405609153828	75.796182267349	65.35275035148784	-52.059935320924104	16.963326114206545	22.923384631865247	64.46780435249774	58.164685771005765	-10.56998586969662	20.564001494808632	46.52144079875495	65.8370218524925	-53.63463422276578	-86.1416561449003	63.324600761989714	66.03474467761507	-5.7414344898406995	4.295754042875213	-11.222519116633173	73.10846623798463	26.460833400772728	106.06821981400593	21.766567936349478	41.4101877698044	-7.150041998632474	-34.02224430927116	-2.4088290982414406	11.304673505330722	-70.99297521728633	-8.554905351137663	67.91207283570765	16.5074653831449	26.896373397710324	13.519545127840672	-63.024969105705836	24.130454239097716	-99.74827139043322	46.714973011508164	13.738815014072774	-31.526889525691146	-119.67632806440142	23.90091098304377	62.53054325054351	-20.629847890894712	42.387621880473276	136.4335049982506	74.50439020762394	-11.2534912277805	34.957124839395135	67.64993405889985	77.02667184462643	97.06500860865074	-25.936365625370076	98.21394718165945	-1.8492426873879388	38.21535881837224	7.5431085454549915	28.922231108110694	-0.5750763527492637	-20.592657126231654	26.205494248694276	-7.459689483133992	-119.30035871316798	-53.22821178994104	25.966518719358156	16.428380529503286	61.933348100013916	136.44262579397662	32.820814172081555	-14.915295693765461	43.56461456788493	1.7516034962303024	29.617945583145683
hc_sa_set	pop	1	1	82.86700311559363	40.962429171301395	56.19400372400048	102.24156196327999	46.10876320137653	-10.084135790054916	89.147698557085	24.90047951906743	113.80333625592937	143.13153356910595	65.76139814102459	-6.943796379880901	69.97335583005885	32.59289841221916	20.375674640728832	146.41446691562956	1.9406645677542231	53.46052720563402	65.13509524016071	62.782283343704684	149.93837351282974	80.31789885325153	103.00490021579827	88.82178964821026	40.013550012000444	36.881233472999	105.65829788063701	71.37178562096096	84.59160828414969	109.76634638637086	127.50014125272529	31.426634936862264	124.04304491229391	4.128751956697567	20.907509642930926	57.09938782680101	56.438933791934865	111.52913034896031	100.37001916072322	22.388903217225096	107.78515350817777	-45.44385763297309	88.32849329775681	51.7149810331662	52.503824144756486	103.86690897582612	143.4743205936342	137.43197801565358	39.7050355454233	91.48762421209679	85.66435303769379	145.55764425568375	93.59703763886966	-14.57515554995059	136.3925185112373	105.8185977558744	157.57359288590078	54.611802889576786	102.36389435937205	102.52656449210193	18.28100184381698	87.70180076798448	75.02977518681108	91.90148729412321	34.877282854226806	68.26129331003379	30.739577124341277	81.05829046018692	-4.329338711947255	147.34790258107464	182.09352221020453	139.60091289430773	128.73994688468247	-32.258507647805914	143.38587083083885	104.47744601213425	-12.790940557879672	11.324601945936026	71.04546247232562	14.689047031364108	26.376517846693687	9.828026238347837	157.43941521323643	120.43000744964584	50.405109135894385	47.75929802755836	116.486508406198	-1.3800945306970434	17.67359054324175	48.80060145705327	29.326334727577812	61.33042487321511	91.68179952285422	56.801206585694494	57.34646132450013	65.3707652945172	5.134710502612506	-10.119840004815096	73.11472483175685	67.85217432161302	29.762885046958242	44.48065632064013	88.82333252726468	73.8159201341921	50.54812039669067	77.28302836173407	-10.05344203498261	65.00318789683973	41.05009431905195	89.15314934756184	35.57966084234252	174.18540156323252	102.04541667248273	118.70923418851022	98.60984164448311	-7.218944193954053	84.04267865701988	111.96005196416579	43.33599760742204	188.1100767938599	51.79640449299281	51.12446165153344	67.86257369049054	52.591200713699436	88.1846909716755	101.01823380457968	30.245116846316478	45.73697059908271	33.17705723530112	35.60103988689521	135.88716564135268	83.58907758498482	31.39754328543009	54.04939959547848	69.67285687080222	36.75072547120384	60.7562479315878	81.78926892807883	13.868599835296713	133.2945802927286	138.16975418562018	134.1103596351107	64.49269954668024	102.61723944681182	120.76431069490005	116.50773186266927	76.7641230790286	96.78462808761255	75.70671949936705	121.0970488333393	147.0674321431302	92.74832025802047	139.60447641584466	101.74591801431615	113.34647144305958	118.6227608755176	116.25199137014857	85.07515557853182	139.4989562887725	111.06122820284145	-0.005675340328380685	36.27958776842594	50.447100955535646	65.7046167998709	81.51330573669802	127.81121074337051	40.54259174255985	75.40142667759972	55.376883069309585	40.40719458538198	61.25408096108525	44.46355390954798	104.5352322606536	79.04367357437353	90.88835444808467	33.57620281694481	93.67814368196836	68.58024116449046	42.38284880381777	63.13644368140948	10.5096784884512	38.13533259907789	76.22111684270507	98.93641724317098	21.823257769274658	72.68597931328927	66.8679211237116	11.70092420913864	70.4803894659138	99.66277286536909	62.7697272019108	86.99411445907094	104.2589932061037	0.6626855526491955	112.59230318734116	53.24207256259042	45.078717688603746	32.144493428133686	-3.647789653110248	65.39982022951142
hc_sa_set	pop	1	2	158.67865267617003	167.15093973063432	102.1224691418013	155.4385103911454	164.91546763015668	123.5316731414916	139.44772658048026	104.6969749455473	192.76611580254485	108.92878183735667	158.15186494339795	131.63683271748818	180.2835088879779	83.99432803546154	122.63497554383243	167.18338951053835	111.18893061757694	133.8771263019254	109.92553869603444	116.2027712542978	122.67372784108777	71.22398227015924	166.01959080236347	102.4494693025922	151.02199655428612	122.1424193014426	51.90342769876403	82.67065171419938	-31.443315648212426	109.34711640015203	116.25717078182655	119.29326788931702	80.35958459027805	39.210618055647664	103.96234805513176	92.70692859193953	53.26332435887528	24.825553665481987	154.4760277859549	11.85508885005545	21.120857955336664	6.3048148815414535	16.75402277991523	-8.224377337762991	-2.163811059931305	39.66186213938245	6.323845606159903	43.26044913415294	111.59567256635175	-18.844396619716516	18.305961192666317	28.754341910030284	87.80398115942135	84.93971687675281	130.98329179461132	97.03858894181695	7.491162063993421	23.925571814901954	5.320751871662463	-6.607798427630421	93.67814368196836	93.67814368196836	93.67814368196836	93.67814368196836	93.67814368196836	93.67814368196836	93.67814368196836	93.67814368196836	93.67814368196836	93.67814368196836	93.67814368196836	93.67814368196836	93.67814368196836	93.67814368196836	93.67814368196836	93.67814368196836	93.67814368196836	93.67814368196836	93.67814368196836	93.67814368196836	141.49706541429973	109.67918664407117	191.05587959062197	91.61207422760577	110.60056789945064	125.63797052368867	217.30949875311825	85.35944549149778	140.21746218759654	127.79743106497	107.02833691712355	113.49135891466187	218.11761739487895	163.39216355956268	72.01101171271596	179.01959354623955	199.09383194610342	199.88737567233662	187.66426379163954	145.44146619782046	120.76666156794406	73.20934287819178	162.84999655152217	51.95758583433529	44.564744437015506	88.14892870614531	107.82014118702543	71.03817543516412	75.52843437187425	68.93424380218727	46.50044762730167	98.559176579466	12.489408634523365	71.99350543608375	109.42194286167862	48.2550837414403	83.34755921256523	56.14498033989455	83.04913761542731	124.28998629551202	24.62420388219916	59.26714999178917	134.28697342161323	62.059212395897	111.75878527138173	58.17852644926404	37.46151402942134	116.25297803688343	57.3097551682984	94.9578388945318	54.05732932147549	67.81184125973795	-1.4182693529867159	173.64817345358443	82.15480226144953	79.85561911167726	-22.86323322027087	81.53577725472238	107.63970857400697	49.51664468691436	10.181595517066967	98.86146556549332	125.26844574361286	110.90368216553796	27.4132522569238	49.354987244625285	-1.740062753350486	44.69822393586715	71.94354619179055	10.814241150902681	110.31895291247528	11.213271848701016	55.09692057297486	71.96501570498907	-36.23371498358408	25.723903560776698	19.36399319573109	56.58871742808276	100.78494795561708	0.7878699844045975	96.54482994726627	9.233636625643857	-39.886653289562375	11.71516408852597	135.25155048315827	54.5105757757388	36.02788895591108	124.43681450275056	106.40615335201875	94.1974853885618	-17.69401255872385	-74.62488820091069	64.7487145916133	-21.34291795688584	-1.7847407443421286	1.392363310971417	42.04432317650142	36.30664034973657	40.01599910223568	62.86364177940254	145.81635177570453	57.67374689978537	66.0303890730935	101.1720703859076	130.4706407726979	28.314686461787765	55.45898921308837	103.57386631835276	55.295262553168385	53.31426398055365	59.84526390172799	115.01891236196923	96.00164123416575	70.52283856982967	-28.31507728770694	70.49005918059957	97.73310992380615	99.18616392766506	25.712555592660046	39.0397102689494
hc_sa_set	pop	1	3	54.389968498199536	90.58811447105924	86.5210634848402	153.40596705856203	82.55982263461775	98.21358175614581	44.02080036596528	36.533711228480456	69.6545804460381	54.08132517110528	21.997170615537907	104.1095106377769	-67.87599214211357	171.48758291515045	29.137526777444698	55.362130946065726	31.358054708761927	99.18813372773971	106.65014223733218	64.43717702186031	22.98106782278645	28.742006224086378	77.22478623062719	33.63936571341429	133.63814217238945	150.11474291109167	181.75017822657645	-40.24581492539791	29.429674200925177	60.480009695763265	50.471002575691564	32.258585997146966	11.036481553824629	39.08002397219846	77.05081163177286	125.40491945274151	48.449918148459844	134.09139440003693	93.20310165424345	45.87462414090155	64.29800789137698	153.56069526100703	130.29042254019086	157.15469203935262	170.41639892798838	108.28172340966576	79.95138851819301	121.73086215614902	62.574076930111104	117.05861248108475	6.797674121179238	134.77960067894585	131.98629843597936	169.34053539165225	113.24285101376002	73.19899883553708	145.36354521997646	132.5847269051099	29.97949285130446	86.15014018389803	116.22827649538576	51.44982723421073	146.04839285873283	-1.315163350267074	87.12042475668764	-10.3436145889478	84.2685298501446	-14.954836778479823	135.82499841706024	46.8073366487547	45.53585048281933	80.42563410729105	69.36080862160121	53.17445826174892	167.99626308447358	44.139305787796644	9.80386817755886	89.7164017363724	98.67616137311256	29.52426219394911	104.25273792992314	90.72312382163112	27.685162650536874	21.426739550313165	-31.949758587752868	129.28630209668012	24.000947593078124	66.81402815121905	91.20415047874481	87.72058666117186	74.6160230139398	133.33840249681077	59.677301370773456	5.78992813105609	43.259050701471665	87.77972642691799	1.4494037980546253	108.73896908603732	19.352711274128644	118.48186151131313	225.5812300179357	130.58891118992256	129.84035117963367	232.1868609514961	62.01776861954932	98.20518915585947	131.4937939216455	188.11646701480788	61.09080680140201	132.54751535707402	145.44196046875342	52.52466761327416	54.096480680798386	152.0733347366497	132.63927829580138	143.93994107543696	196.09209325387303	88.43581313603843	96.25168051255613	227.56385635261952	115.01891236196923	115.01891236196923	115.01891236196923	115.01891236196923	115.01891236196923	115.01891236196923	115.01891236196923	115.01891236196923	115.01891236196923	115.01891236196923	115.01891236196923	115.01891236196923	115.01891236196923	115.01891236196923	115.01891236196923	115.01891236196923	115.01891236196923	115.01891236196923	115.01891236196923	115.01891236196923	98.45602477008154	123.29980052337234	182.479113660304	61.244606453887386	225.22309951758882	108.96234350432283	107.04337175130333	99.69520530944858	103.03970899267216	217.1275588337557	155.21491601369166	79.20050609082585	190.591802488423	64.86630217352145	73.22009525311712	100.08870006617295	147.01014135415036	128.52864465425384	179.55466745140302	129.32314178547475	132.29786114043364	98.20865021920883	48.62081852261252	55.46267391231267	6.100691873459372	137.96939877200484	120.9665856716892	149.97003482230076	62.30675199097149	139.03483721177332	32.76027849113515	51.56932147344186	112.68932874833575	-8.321085019610805	110.90800137912404	91.81502178934345	87.52716208778156	39.76336858787657	56.372865149474165	89.8514062069367	72.57682451630362	112.68816347383861	26.430995546731765	84.11636243966994	36.20400010585457	118.94512639168508	163.16732484331092	23.114355574581882	49.29158053740849	79.14312816926056	68.02725376539935	162.4698094969226	55.08946957949138	103.97540858130262	95.974773231474	125.00591964502519	94.58559688486137	79.60832755034022	85.03873375569691	165.3298654768907
hc_sa_set	pop	1	4	159.49537199820506	78.31720576030382	136.96196870463328	138.86603421177705	148.56519632161974	58.08118738015442	164.10942006123187	84.44387714534483	33.99411026211728	159.7689931812934	153.45405274722998	108.99886768958962	103.64139573183712	56.73619040989642	124.6068220042325	107.21525398105972	34.54744921484287	121.19260968739354	178.8174623739775	74.80666759284072	117.06597511556414	155.96091406841978	123.49308744649079	95.84084809070488	145.990023980357	189.04307543070627	148.34408253718917	138.86536832769082	119.64135293777326	104.7124263630446	143.04994667377218	204.09255692341964	95.22090693132353	93.25491698305909	138.2423966738823	191.6732146594572	147.3129929005738	95.89320994272707	88.87636914724351	118.41741461979615	132.5847269051099	132.5847269051099	132.5847269051099	132.5847269051099	132.5847269051099	132.5847269051099	132.5847269051099	132.5847269051099	132.5847269051099	132.5847269051099	132.5847269051099	132.5847269051099	132.5847269051099	132.5847269051099	132.5847269051099	132.5847269051099	132.5847269051099	132.5847269051099	132.5847269051099	132.5847269051099	-1.2124054391719454	50.09626914440642	56.70160859914202	33.50750309320627	-3.505447799587815	60.176668467934704	30.47926134587623	20.564978590236755	2.042242325479208	9.733253930008956	127.15413809958334	27.62359050483433	110.21714463405962	76.13819124352752	-44.60435425250301	26.67122604641294	57.04005286797732	76.1025737214755	149.12477329817312	4.067060064355353	154.57452363997524	94.73779849225556	125.04372758533977	65.03541688281571	96.05435127610016	144.49885985772426	148.254124352705	87.19612340424638	118.13732327537772	109.151565700489	4.947978972673418	157.13466722669858	63.6144241123246	76.06622808330982	68.31676185683625	106.73687083055702	149.7753611892511	105.61555077834447	123.22822987586133	63.55350104184028	187.47397737460398	143.27336539364137	90.6852036063803	158.73147716539626	203.73804034388615	140.86007174105868	208.59347478773398	208.50606410943774	207.76278447970608	47.40298720300851	210.12425467947253	212.13837631936536	218.6216244919974	236.51346509209367	164.81572468127456	163.0976842277189	162.0349869247483	141.43601473462738	248.3755163549863	259.95704425055123	87.56333268039981	111.54572849038705	56.20642167025849	38.86311255164113	89.82471299891166	95.81830375406838	67.2656647110268	111.38135887843791	112.56036651478036	76.79583204933556	27.737523205541894	68.11467413701111	48.0321184624927	155.39440218131733	-25.758274633450938	108.0056975343	123.43160694489737	44.46262841207341	131.29572260154103	209.17063113733627	133.2479317123083	132.6213321887635	134.33936103738327	122.28448992227136	116.87734998831965	112.1728132883592	144.6921143199089	157.10448814850054	162.14738915374994	130.54614010854678	105.2310687096923	100.45980257536667	151.72352308532064	111.79545895818629	114.813916573456	118.01988782553047	79.93532106660527	170.30578088725798	146.26193231982552	67.03389475403199	123.10437592651525	81.48095309509446	80.3727021187031	126.86251339505118	63.8492434251184	53.081239854756944	151.96177890852948	120.82314081656108	58.47887545055163	83.70607256907175	18.61345737345342	166.2622397600583	103.67414175535188	62.18926782729124	59.94534049428931	133.3876636427721	132.76182426594642	143.08502345652403	80.71691258136931	96.05646038077518	19.036805352378494	124.90216270054137	37.528607810100624	79.86307176401633	109.47098657452969	40.69962493441658	130.5858211805134	86.88727565661478	36.34405898993121	84.38449955476584	127.90184752552975	104.71087199485365	9.73700435852627	44.667503637505	62.17168409116747	3.819729254186983	99.50600496089854	144.14076834028344	79.41968655970132	71.19797903011352
hc_sa_set	pop	1	5	133.65400329157472	44.72534402840048	94.16093807281071	52.43888449244709	-11.004016809162689	65.69698816659294	64.36799048678878	-30.78539926935732	76.12092626733372	-1.8002813269562097	52.26422490205318	-2.8083827957763923	7.021731666618166	131.78342303879043	1.296729490157766	70.19603021934736	-23.596012522978228	96.56921905321187	74.6596429914016	110.17702524859781	132.5847269051099	132.5847269051099	132.5847269051099	132.5847269051099	132.5847269051099	132.5847269051099	132.5847269051099	132.5847269051099	132.5847269051099	132.5847269051099	132.5847269051099	132.5847269051099	132.5847269051099	132.5847269051099	132.5847269051099	132.5847269051099	132.5847269051099	132.5847269051099	132.5847269051099	132.5847269051099	117.34797404783954	141.69716640430798	90.08129863661188	132.07430904519072	126.4805515351543	165.3491254144336	20.41685644962694	107.20272140288422	68.2414747176844	88.1922587082679	61.44682086926347	116.33826792721001	222.15441779727897	176.34206919560563	128.9095630348754	159.9549389115534	113.25586412372057	36.97414625188611	104.825353783323	104.84646535418204	150.9669979305123	130.51086947032437	221.62918458408632	124.27294935704919	174.13090583501315	144.03013093956133	178.59381199730007	177.2446698205954	178.2903822211727	127.71472697815048	196.23566713082283	136.34773060173197	142.23176243181226	64.74272806562573	196.71439546400057	198.41996951856288	126.79420764219542	185.10030361930654	149.0766645259912	191.6319893737393	104.32357352949178	128.82376178999175	83.19288641690818	140.44103663890832	185.99731006484367	85.97093333035355	99.93084378031324	132.6566590254532	121.23906855090534	63.040891648332625	120.32141272875893	125.80543977357385	112.2061629422855	195.1063207922347	115.9678118153318	95.99460992728004	133.73952049206613	76.03889622958897	96.40036508887889	91.54086318403381	108.530527596511	198.21350559286495	139.33084622488735	58.771943113826985	29.041212990875184	73.97615401087438	106.94517886447963	93.23882809847122	95.0607366455513	134.79926570115117	146.19189336053677	82.91130619647721	145.33043258112525	172.2249538931608	121.26381410620553	72.77339476910308	67.44036774947877	42.418952571977705	121.0030023365083	62.32683396195411	115.53746524377776	-10.910746223307001	131.1168295338917	182.69894512886526	31.625576144403077	82.38636860546583	25.8565654455451	79.42607317933923	184.50551427690905	70.16000095414307	61.72206981730424	19.429716662741065	73.2444425279907	88.07476144482561	71.40281079888139	45.5316326570331	85.29090531929579	126.81601380906122	139.40752622475924	57.31657519502	237.07520323879592	225.23053537185297	164.2437874478426	172.56833059775795	235.92701248073683	135.5923322493122	94.01358111993113	176.8461558623673	179.23399003371424	117.63634329559258	172.2194173296576	181.7428862622308	155.11529124228662	133.0127183388051	137.84650953241174	162.76369134090095	121.65823546847014	194.35203081399234	118.27865836732823	142.04911544130425	107.71970870390646	159.71435352986052	66.64389969148603	206.68474435532275	108.97346717592795	153.25031851947625	141.65798205525815	78.97643812737107	152.63301340658836	82.08015993675942	94.94713832029552	90.9105773352006	179.78008714013083	91.49704026693973	156.65347863617666	104.84881334082336	157.9438782558973	37.33139053938552	88.07131199049954	69.978367179533	140.72374033540518	118.06571718581316	130.8979517811582	101.54010644113185	140.19484209098033	145.1943113553464	134.7555568637145	114.17736602765018	150.2136402015946	96.26547746542639	162.8756926913506	78.85404972664722	116.09597759351894	133.00988767859155	139.4010566232895	210.68635534176397	103.80764640152682	110.50859952583171	102.21021238362644	181.55514935401283
hc_sa_set	pop	1	6	144.1578877684691	88.80654978619937	171.20371955932356	139.9619136906074	130.358600318809	157.5830460361954	116.82682180014598	74.1633640235941	142.13367028436497	53.17435340755184	151.81586047044763	161.95871505922028	113.55970293630563	73.33150157840329	52.368862181944394	58.75773459090719	147.57512508986403	99.84662520236778	129.17694577296578	170.05259071959165	26.04344117889048	98.58618674507913	18.023143125997834	41.028500083113556	49.307559109635164	151.53891287010535	94.340124978597	70.16826746357604	85.34243701241387	87.58775104792765	21.750797769436343	85.36781824757709	145.8990917014987	9.00621653827779	192.29648793339592	102.91609804009731	54.132934640144555	88.5661312393656	120.74251179203694	66.05460995747094	116.44654900926014	148.00278353538815	123.77448691042484	109.61969106171583	110.23344254915199	75.40790941832714	87.26160366322947	87.66245537048681	58.801067604806114	58.40431480931643	103.48582685418586	129.4892626498315	47.67176488335289	88.05657719480136	52.70994919571886	77.82496310286228	138.66829909186004	66.05707627030912	92.66355680130978	117.86414895342921	119.36835087466243	39.89127306272933	100.22655541334521	168.93310347652226	185.43127903005265	111.85725978841108	137.0145727180984	155.482101897513	58.60453690395392	50.10744964445695	76.75298266273353	54.787239446996665	81.19645790072175	115.70662508953683	95.68162792811383	165.99269953904155	133.3580551143021	88.42926632392589	73.3069816792847	48.209935328939856	148.35864976965323	51.92539790793177	84.58464554645062	112.84851537945075	146.33750361881005	130.1675061550892	175.8193085989103	192.73024717345066	128.02792032503683	148.19252037051487	114.5154253472369	156.21318171243286	64.41754720627131	172.74324266197124	162.30616811894348	134.89875430615098	136.97313619965047	101.51998277537467	117.6926216933246	86.78706586257005	53.06740991121046	132.05795816264526	19.746504684393393	158.71092115818516	122.58659185763759	128.4747230254244	70.93815354487705	112.26298159272352	149.7875014979902	100.4207422707424	153.24919361752055	100.22385182173683	143.89349631727026	105.4883991236208	64.68234065318721	63.23700652408862	74.72548537477383	87.80699373711212	89.55267053369688	103.79712894790813	157.3797189227384	155.11369137052463	178.18631378906733	149.03885777925473	246.33839267065258	149.28705365195304	254.62873257158407	144.98380332856658	91.6497007712459	231.70540426010652	182.06326687303684	201.30740100006886	175.97939763950413	186.42896519376097	168.12859918298255	187.15744502958518	118.55027297742026	236.0270850338008	197.2233392546903	245.10487990669046	157.09914584801925	171.02440821498186	107.21935890361915	188.66842428648806	177.00223802606786	206.84720884738044	190.2060847507646	193.42940546538256	186.44839407041752	123.7771936108423	150.60389266940808	150.1220337767466	204.38924077335994	189.58473663148976	131.69322878861715	150.50210742522518	178.39131578441447	123.38843372263119	172.23677172648306	168.76666523359228	112.46372416607664	229.38793783131678	61.36917431768023	117.1658187146173	171.93869965519485	79.25739779896892	167.8089400310442	134.78121796630907	144.0265758464551	110.66921250132074	41.72276022067881	182.38805437749923	114.7551475480058	192.7063848625262	144.7575559191801	152.2095707193655	140.08210914126784	144.7837681786655	177.89092128752537	86.22364780605456	137.98785702356554	176.70767776236085	152.3677356923328	98.18043063750186	198.08093473297083	198.75691330048346	120.42823511984241	173.45335862343046	170.8835891497102	116.3214637624842	136.0122556043964	200.10113119032383	180.900155482406	184.2434647599462	85.64856323574018	113.51646446698243	199.51141241203862	67.34120412723377	140.1236934315863	178.25716437311786
hc_sa_set	pop	1	7	113.08767581599221	109.39255965866965	173.9534800341428	160.23435221300872	165.39562829417224	107.00233796809427	112.21024846550588	128.33077887878682	167.64570186766394	145.04579126715092	101.33442260988703	143.07865079507906	137.04826364934507	162.27636075148294	170.26130031769594	100.95049485610505	120.79537156779504	152.94834743795488	106.46998599592138	110.4114048490551	102.76848580474035	124.9366134653094	112.84944345060309	33.74774776382168	102.04460346270352	161.47741524120966	159.0533766755995	91.78833223483365	31.690119220361016	86.98138089793468	151.59985632418503	119.52732280997807	151.44021176676807	140.0182843929739	121.41708146443655	54.67424417609618	123.53026993449285	133.69995694367682	151.81354379438648	113.62497459767715	155.21022420082855	175.64652579955555	151.78115355300093	185.81714476015796	225.94749922215806	105.27563555413994	148.7537883032963	144.0850941972266	124.76533201632313	223.0677580038522	150.05706497006446	92.51460817235494	155.2264743393297	173.7408050840579	124.3943099102566	149.0052239534312	132.75129405493055	158.78689516664699	212.57390784157252	151.51182408876102	101.88132446299008	110.68261826053062	178.6114828514999	180.5743543625681	132.99746413230798	105.85768130353688	165.11320949504503	169.35831673888958	203.89379782986336	205.51080359812846	196.90332086288677	116.25106982145743	183.81292401583298	206.16888638943814	72.76887346193442	128.48480128604893	174.54995252330983	95.34828552478578	166.33269688762243	202.41606479342906	19.182235418926563	147.7380535329239	134.19172695361078	143.39077301853254	139.86077358855917	138.5475149309656	80.3592013385259	189.16400681753902	111.40403329299096	154.35737983689162	145.3142698635496	184.22723338866524	138.6946710780724	83.91640611272281	94.7307258233283	118.04957303603301	197.51004277547327	61.46082883839976	130.9550994782752	178.3192340765622	137.2754855706752	29.928493078960184	169.831716999077	117.33915345912267	82.8333798021936	133.54814665040166	176.13081164065488	-11.076929082104035	63.05989154526672	71.87432764147911	160.0835729022334	105.4226821042372	73.2931227105642	101.41304430709624	127.18536530203652	200.67904951119144	72.4586352500431	100.66910429198349	72.39970871921791	122.79086855894217	163.39362146829848	139.4505564824652	163.74805293904961	96.98634707841504	91.05487868559364	246.03331173856688	189.7824059002536	104.93910590631845	66.93728546247155	171.27838973605972	212.7649841890233	99.33285658173489	136.20398498485977	78.13613024877898	127.0992759656483	161.96739837418735	153.61070739718306	157.2298343170993	184.62086923729007	121.93337316185517	192.29648793339592	192.29648793339592	192.29648793339592	192.29648793339592	192.29648793339592	192.29648793339592	192.29648793339592	192.29648793339592	192.29648793339592	192.29648793339592	192.29648793339592	192.29648793339592	192.29648793339592	192.29648793339592	192.29648793339592	192.29648793339592	192.29648793339592	192.29648793339592	192.29648793339592	192.29648793339592	198.75691330048346	198.75691330048346	198.75691330048346	198.75691330048346	198.75691330048346	198.75691330048346	198.75691330048346	198.75691330048346	198.75691330048346	198.75691330048346	198.75691330048346	198.75691330048346	198.75691330048346	198.75691330048346	198.75691330048346	198.75691330048346	198.75691330048346	198.75691330048346	198.75691330048346	198.75691330048346	151.7895020891047	99.7277502979725	109.18612257268025	80.83327218047566	78.88753835810168	100.83814103571716	112.77214575395584	145.8219369605808	40.099299176713714	62.43123779182699	156.48267998509937	138.05950389662644	20.35373525550071	102.19748165696816	84.77447992977537	85.53630270267972	56.828985147893704	76.14348117778165	157.94902712072883	54.465143131531725
hc_sa_set	pop	1	8	208.0134567042003	188.60624771915494	174.7209015779	157.6417994320169	218.24986489876585	148.6741054400382	268.28165636497613	216.45140649000615	182.10584151414662	139.82203200894867	180.46694803550136	191.1724230471404	224.92171116371003	259.0317385668355	171.01249503643245	193.29883617928468	219.08744049799125	193.7877327780345	224.79879800350616	213.82777279863	215.45027761904726	179.72839435357656	151.96899631260916	85.85518429129732	170.06152598874314	112.37071552709335	237.23635416146232	103.30452008367712	191.22058987673992	165.2308167675616	185.63378457358766	106.51017775878232	141.44997570286583	180.826732580937	109.31684956256582	118.63821728913526	184.72581888016893	204.87363899756417	196.297273282413	117.33445881424271	168.4586538836967	167.711386869915	146.92676380025736	118.07207854171648	97.66583813268925	155.02065608336994	137.4506303450413	163.20336578763954	69.39318541500795	196.3319663122748	180.9430089854806	157.65615977788826	107.242968383808	137.4313026117714	104.73289150187034	270.1145320383929	128.39080483983832	231.92776727697878	257.21021930049307	199.98813802484136	284.1730631151461	168.06925687755628	214.26000828319937	175.48080636485452	188.0200808561244	146.45622023876362	162.70527362009247	190.2335095881222	193.6990003713367	222.3263014850621	194.8536904740506	223.39742943627627	146.29404827963694	179.64127273940565	206.2579520549846	171.7899782130523	205.5571373682202	184.16286139969955	211.9410390440644	194.9842444204379	72.15302297094343	41.015744933752366	81.45000795446583	67.1997539914747	85.01295980588799	51.82444305898163	107.53785017385218	56.59021997139993	107.34938333224483	74.71066598612677	57.94950869600032	66.21919214052576	128.97464905605938	63.93648295826054	35.017092852175416	105.82877511753631	81.1339168895042	73.5537085953006	119.09661067934127	54.134398153035896	108.0377539954277	108.43664029990704	134.97852954453666	102.04044189616377	185.11913521024476	221.51222050899702	197.58752118320655	106.18818355342472	115.68362661631028	170.42773111738092	220.86071954045437	189.40967646460763	124.82892860610802	170.5312294016599	100.41818947964207	157.84139298486056	139.7754930463351	91.85683766363269	202.20312919193523	141.7798809864246	62.43123779182699	62.43123779182699	62.43123779182699	62.43123779182699	62.43123779182699	62.43123779182699	62.43123779182699	62.43123779182699	62.43123779182699	62.43123779182699	62.43123779182699	62.43123779182699	62.43123779182699	62.43123779182699	62.43123779182699	62.43123779182699	62.43123779182699	62.43123779182699	62.43123779182699	62.43123779182699	41.07800851815226	91.3405862906962	85.22116138466353	174.08469369611873	107.52108464546524	206.24404952652563	109.43986690828123	79.80462985904906	81.1407756114781	173.81431327156022	56.5851033656939	109.0376089304292	63.89938674827965	94.76761124442663	101.93494562273573	140.1455159190423	88.60891727354189	147.60188017244877	148.44365591195944	160.36317340739086	58.67370506585918	61.767280208894604	63.75827647084649	90.89563512552365	73.71632627954023	55.70038685357001	12.866918776166926	96.80729980801264	49.22950584784922	83.38253135014126	55.04680854361144	67.21659527896685	27.072597701151267	26.760432522497958	142.98203332346472	127.02682161100662	158.61553370245966	55.71405361517674	-29.378751286252818	64.15172911629888	151.51410053242378	121.99453671323823	170.41421288229427	111.30427735113469	178.45867293811654	156.32891806837634	219.58010872359006	188.9793568988789	127.75058093466282	195.63562543993055	145.25944326301314	111.4940967299298	220.23888274144	166.38920894865612	170.44230295255238	125.24491766135611	203.25912099740833	173.67293557629756	107.45591280551673	152.71557180326056
hc_sa_set	pop	1	9	81.45000795446583	81.45000795446583	81.45000795446583	81.45000795446583	81.45000795446583	81.45000795446583	81.45000795446583	81.45000795446583	81.45000795446583	81.45000795446583	81.45000795446583	81.45000795446583	81.45000795446583	81.45000795446583	81.45000795446583	81.45000795446583	81.45000795446583	81.45000795446583	81.45000795446583	81.45000795446583	49.839685900966884	84.42962725747198	116.32636710933124	135.86551660020177	177.19841515516438	47.51825453536022	83.3713298653043	46.00335634694988	120.96201875948732	137.27503879874004	63.78794488717299	91.7437998882262	90.53933543494061	118.84247543266241	91.32094802858856	155.40066357813663	53.43603523039025	99.53762721064305	101.37861308270902	79.25146007792523	88.77754236852859	68.26934734105788	67.55509661002765	94.51632937011406	109.68916214703965	112.64091333531675	60.22227182843872	151.31502029605983	48.091108445691965	93.6942812893082	126.96497020951968	18.265594429602587	65.40282894971128	113.4190492655167	122.92737678215737	54.93485816500468	86.12458343836403	35.164599049975436	71.79066599504296	67.57638384699044	81.51414532624244	138.82520608594646	109.25935042509165	89.66469897805038	185.73822414229736	54.27151119053348	89.88029216348924	150.14989175761306	101.87754543041508	52.781675853070325	83.66948856076046	86.00401789264644	46.2074814183293	35.440056587678114	148.81942476235724	147.83702783651074	31.318497098950587	54.53110897147014	94.43167237332355	93.88328226752108	80.73643239503396	142.68449166302224	169.3282818191674	166.2693486719462	95.01899531792401	147.57790706106212	71.0979319544247	178.0765681838135	116.63416917777211	208.8766751260842	199.5400874348423	140.8741657514888	156.1000455493425	195.0094816442468	201.44278611538653	171.02645827481768	193.0992592244937	150.9242651503023	199.29321247129107	157.7560824928626	143.47105774600988	177.45188650268537	221.25996682418338	171.11244657890188	108.26123457601128	221.33334502906715	203.29704982879713	214.4924844652258	72.4067498330318	172.90160028682953	167.65300110543197	100.85612193072649	191.33697463794775	167.46262680516568	260.953847437417	217.35819130422007	169.59471752173505	237.30240754272864	132.89497730521305	177.29991965822813	171.64864204290677	186.95316249889575	187.63109176281978	194.5217940122971	155.3170032387889	162.170914009147	298.0564902397498	140.3775671803635	138.91178624323857	185.45337037608263	191.46408519954102	173.6813791816007	212.88698978160585	195.31469110215065	204.2813058819147	177.10687416613803	155.82576514172666	143.97873834060138	151.41805846482524	229.54429520153715	197.68242573629624	191.57407149986153	267.21062920613934	236.71564693404656	248.19875781279893	183.64372419745933	151.22757639763142	160.36783353152762	252.80043947449758	147.99268494988	241.10506976209405	183.44196168655904	237.45156734559572	302.88253196109736	158.8020717389408	191.49151719680322	167.35036230326583	229.19274253707567	257.89113851057346	252.81815486322404	42.26987938269009	172.70542008852968	85.48320573704258	110.9435584822034	104.43403861725406	80.24220044238552	116.01932311548886	98.3064163225816	49.81214386271792	67.40284922849267	87.9468060595055	112.09992930173425	159.70642134209078	87.79492669696036	54.45131108674624	80.02161544460404	37.66263767885836	118.40815261231916	78.36493977450625	24.435311195184646	223.39742943627627	223.39742943627627	223.39742943627627	223.39742943627627	223.39742943627627	223.39742943627627	223.39742943627627	223.39742943627627	223.39742943627627	223.39742943627627	223.39742943627627	223.39742943627627	223.39742943627627	223.39742943627627	223.39742943627627	223.39742943627627	223.39742943627627	223.39742943627627	223.39742943627627	223.39742943627627
hc_sa_set	pop	1	10	182.19832312637536	167.95800649706578	134.08984049403477	205.5258672611894	147.2196864193267	131.8909075281367	154.77131112414366	267.2605838337296	179.09226917048997	169.18104958459472	243.6370241222335	233.41584065937593	175.2628727415917	139.33485441999926	119.09267200851237	124.61716392526263	168.6142726023609	119.9420893490627	171.7313416390044	150.16810641368278	134.28889895907255	102.6921904972633	163.20406713356027	170.6164110262042	79.80328695251991	141.75592292349424	132.54673594497092	92.17932196034752	54.787535823438226	146.72288880177913	170.92750489406163	53.15315521564668	163.561997558403	114.64194580070216	135.9044239318457	94.99577181124154	141.6087742390119	66.97726870460221	110.33182880999266	97.48506219826947	154.10034212278555	157.2088332679129	192.81852419676935	146.0456669670653	141.10091933004554	175.07431121179044	104.08586201070845	116.3773987581948	146.9487988796953	143.5349690880297	146.8015461384681	80.15407145896616	128.5417920131201	197.38803868373427	188.2973345865007	140.58845412256474	205.34093141165664	82.28739046540977	161.52584450142115	198.6372992674773	138.83531882390906	213.66570875806323	230.5558315953656	165.09794419043988	168.17851933711688	212.9950454365516	172.74681528066293	151.1257454548799	192.38948603287966	193.87898590086587	180.13326871696194	187.11474804771146	78.93356330171433	175.06608049448042	221.20703878077944	163.72517584471962	116.6169444476143	117.67707414559268	160.36842500507694	103.42776104146554	132.93431346135077	97.8423624393327	46.89656947571591	114.53766485614732	16.397303386940447	168.5856541023635	20.816910945581373	62.95721820866254	70.3712641720653	109.93936852557192	114.16280374022395	101.23495971784607	91.50229682568379	8.400940187398817	145.63692713704307	49.29164365288886	26.99526392528785	114.67315956485399	5.905775688721047	7.986664186506829	231.952431821144	184.68368014313265	127.58651790372546	138.183375964289	197.05769127437281	201.4106768784692	258.5909757933995	202.62646842771585	186.84437531489675	227.3338864276043	174.83425403482022	238.30110460685876	194.67826522248248	176.59936476816517	159.18294637496973	173.98190390102138	220.2470509990355	156.445002356968	210.22502019407327	174.89244128225744	150.6290822985739	175.4934091717739	189.85658922681296	199.13685717318504	155.8937545841079	145.35526182311156	207.12534284461566	178.5678370783445	191.50400931146157	207.26860233655782	208.25385347350135	201.90978973208559	133.09923180985427	188.68715500551752	205.67074199158336	214.26355601214902	146.50661120919776	201.67364751832173	211.1737402665684	144.0789071552778	81.83440773611913	174.74973905856314	186.2049954521795	94.40708894479991	89.68116816861547	110.84713580393677	82.94902988203214	57.010676449974646	58.73071787660423	54.77685571854991	126.03592816177238	117.66153147336601	181.61451630599083	140.81889381024686	99.69036250577106	66.91564321142917	166.14148422383482	168.69541960078948	83.1181454143871	89.39243291102953	93.6942812893082	93.6942812893082	93.6942812893082	93.6942812893082	93.6942812893082	93.6942812893082	93.6942812893082	93.6942812893082	93.6942812893082	93.6942812893082	93.6942812893082	93.6942812893082	93.6942812893082	93.6942812893082	93.6942812893082	93.6942812893082	93.6942812893082	93.6942812893082	93.6942812893082	93.6942812893082	82.41033536536332	67.71422400319926	94.94408191037164	161.38040899952176	112.02312943848906	71.20952955791907	139.5344234714782	72.72782576040603	83.70233856235774	57.82320648334236	142.5839998402051	139.4238413794832	98.70409658207899	150.58833394681787	167.0919379861705	42.99148408712179	170.45948634487564	107.16887990328284	92.4729105457406	77.51630799774072
hc_sa_set	pop	2	0	-3.559577716205844	69.60965689782716	-9.675354536340834	-7.742273373173003	26.578920434394917	109.79279859783149	56.366526206973475	-68.13385875668384	21.090106350312876	46.6428461334617	-34.535324932909624	-10.506077737094875	-27.810942430046016	-32.740724510125546	83.44751032598532	-68.83546258622063	36.92451484909118	-86.55753390754235	-76.82100244600701	-17.103187193579046	-88.96964728956499	-1.922491864147709	29.50781337171012	37.716913068003834	52.16691365656944	-35.771114355344494	29.663564589189992	-66.23261798291631	-110.97641307825295	-61.437183212370684	-144.34231581258953	-89.97263266870868	-43.610389287502684	-54.94189809472249	24.81022328242629	-18.771897887895292	-48.08393772592884	-16.67377284532619	43.84974284772636	-38.78016786830844	-45.22384991823254	-97.37579178422631	160.64042563588956	-99.08941479282372	-1.6462248536274426	49.4640543625966	38.687698004320566	-3.329383694525312	-36.428506653840124	85.80219251752604	91.69309572412719	-125.68374508187725	23.060064461140726	58.381081424480165	98.29925322780275	-34.771483563648786	-8.983497030789547	-15.504352875972018	7.343195326173964	9.791666661237608	-3.3693140422466623	1.8847752644032596	-2.6825355218677274	-38.347639507759965	-3.82640452644058	41.376053399564	25.707502697874713	98.03457328167661	-40.97807905799939	-54.928595006813616	92.3092054108497	102.29657583240895	-39.75773018891693	-2.1767271332749942	15.43978297854057	70.8154494076831	-0.8281651817836533	-46.491408802681825	-102.05445206482125	24.95516977750169	-77.61521481837822	36.48580312408879	50.203465792798255	-77.20077478562025	15.743346483753275	9.38384737844875	39.38339671078473	33.75036241141447	19.555877656947604	21.795004405425136	-22.996921222596164	61.266916174813815	-68.08249041001062	-59.8071830122825	-48.009894346470624	-6.987305460843416	2.267276361545866	43.338728721041875	-4.584283048329134	-27.225573489548477	66.93673323367561	144.84052539991882	133.65965932443493	55.360003046622495	-1.5334965834411207	12.152624150295367	-96.91688034122268	33.42801028016325	56.237202976865404	2.9964007576111342	67.30602161795285	42.11996128528703	-16.679990472413838	37.207874581429316	131.97156374585282	-65.98923041782948	-48.8911078750899	14.843002404222917	80.85451831838182	2.1085600568284484	131.28378874730384	-132.41724729643545	-71.54557544439142	-37.94025283085436	-8.285899794889794	38.90889676745665	-4.934358034927165	7.837405609153828	75.796182267349	65.35275035148784	-52.059935320924104	16.963326114206545	22.923384631865247	64.46780435249774	58.164685771005765	-10.56998586969662	20.564001494808632	46.52144079875495	65.8370218524925	-53.63463422276578	-86.1416561449003	63.324600761989714	66.03474467761507	-5.7414344898406995	4.295754042875213	-11.222519116633173	73.10846623798463	26.460833400772728	106.06821981400593	21.766567936349478	41.4101877698044	-7.150041998632474	-34.02224430927116	-2.4088290982414406	11.304673505330722	-70.99297521728633	-8.554905351137663	67.91207283570765	16.5074653831449	26.896373397710324	13.519545127840672	-63.024969105705836	24.130454239097716	-99.74827139043322	46.714973011508164	13.738815014072774	-31.526889525691146	-119.67632806440142	23.90091098304377	62.53054325054351	-20.629847890894712	42.387621880473276	136.4335049982506	74.50439020762394	-11.2534912277805	34.957124839395135	67.64993405889985	77.02667184462643	97.06500860865074	-25.936365625370076	98.21394718165945	-1.8492426873879388	38.21535881837224	7.5431085454549915	28.922231108110694	-0.5750763527492637	-20.592657126231654	26.205494248694276	-7.459689483133992	-119.30035871316798	-53.22821178994104	25.966518719358156	16.428380529503286	61.933348100013916	136.44262579397662	32.820814172081555	-14.915295693765461	43.56461456788493	1.7516034962303024	29.617945583145683
hc_sa_set	pop	2	1	66.18153290386829	132.09801387448337	116.6931548203329	162.3730673227229	104.28868037849648	89.73658750366346	121.87460796936097	74.17729207203186	94.30230193161034	126.0033519687529	36.825696168360025	51.242031389851206	103.75375033605651	26.831306911189785	81.38641377855603	59.34757425620377	33.96297852390253	47.59240734348571	152.84021432024576	9.227985579808253	55.07373831601666	69.68779372631936	113.74428744285252	93.22183284910534	71.84672860911711	66.0940349575958	70.76383256673745	65.8583754748355	71.63071510368103	106.03831656209393	93.3369409121032	79.96211495039942	66.54349582627569	-55.437591723651124	37.7090006330001	28.915904423549744	85.74320932346834	73.78473330937564	78.30786427969065	116.90919419169163	-13.064175854963345	80.47955217717207	-42.54725520070651	6.370441071802425	39.37256369840737	-99.28297528992375	34.05257382201505	34.553744822403345	44.83613916849396	-7.40010219997891	2.68977530531674	11.690161146763632	-67.03423682118927	64.78989847543002	-32.6054067321788	1.0869558430520598	7.706317831797282	27.922991867704894	21.220584581035524	29.02239656475431	119.690403379303	29.138372075545586	90.35705445953528	134.38088870238442	20.75473337965652	142.33939757252827	0.30207497818527074	7.587373672336618	67.55206419353225	102.22917254246339	43.90450765234025	71.81909599080764	13.238545647895549	59.90346767188945	65.24674171554581	-26.954133879891465	45.92208806626708	6.4872703218352825	10.264873024431509	55.6458422696782	148.05914460954097	45.67691422276502	82.1640044368106	107.2533157912903	164.31403141743726	85.99169256984543	33.51734375472236	45.09257984490297	86.79392041158957	169.4945407467394	90.30279339949486	142.7098469448304	105.73726995681288	125.67837931728454	50.39991848231183	126.03146603635842	-29.35047983215425	-3.4079258078174917	95.77574804595439	137.13009651658956	9.415429118622683	68.06566344749902	139.05581767034434	28.72796812399963	80.19941105064868	59.51189158797259	35.502432622059075	-13.173157705034091	11.256712643977917	44.78958150580684	26.30269008677796	19.814361102465583	-31.106676201622538	13.867803423188306	13.42263861443433	-7.7617686207200585	15.791775708445545	-25.918302376642284	-61.97347621468656	12.053277742876716	-4.459285083940774	-50.17204839296987	18.978678913398014	61.94655847750635	-10.157967422249037	-26.94207298860388	-4.6464321317486466	18.083911489019876	1.331404061025637	11.572035601944998	-24.971420707062798	16.155579460709788	121.55555511645775	12.682453075008631	2.8743350463067614	45.98237707036212	34.942675102102946	44.0850321520537	65.95855481114205	-32.424696742180814	21.481766002795478	-33.511624739034005	41.047089660840236	43.80529369242742	52.47977923820794	73.01246312229499	40.149606328208215	-24.205457461028647	-8.30032176695265	-5.749437517863524	6.762313265465748	-53.211792506751166	12.814608429886007	11.03049766434811	24.987405610452353	-14.622844502365734	16.642847927415318	36.053124264265314	8.841228820817577	-5.732003436119712	108.59940735514508	120.24303543546976	60.682800766576825	103.38754244805094	127.89572401128413	88.01074763701868	10.486923695577971	48.22260816591813	141.96213786061492	-7.224450811496773	96.69133998649704	61.73123604401741	20.781997630659838	135.22337699748974	71.4713211753577	114.51878531425191	111.57155833109195	86.33450026765502	100.40133282839284	102.79211811684925	-43.14769656334845	-72.23722525624699	8.110637041898018	-44.48496831003951	9.548250354015977	-37.74018264069232	-51.62721428179326	-25.509501952033954	6.800994393240428	46.914973574903996	-57.7801584664637	-70.27985075908617	-90.62361506117189	37.502810472586035	11.974793240678963	-17.734320476905676	-2.0745875767296296	0.7030509155628692	-28.417086418100673	-43.81393832258446
hc_sa_set	pop	2	2	-82.54968515875021	119.89106151869306	134.86609692944904	106.70563150499962	54.07879644443305	128.64220482073077	-13.720891366904423	13.613073533369413	25.344259074448214	85.75499257207639	112.28667009815226	63.21056146729141	157.98372668059798	106.1921916678372	-47.78522317026797	61.329716330865935	111.54903185301198	49.39641148709671	100.7289909912065	38.26145638448067	-27.937651463051758	60.11527726347782	13.248863446045476	75.70131901890383	58.72276978153069	127.03570219976181	57.80692506887624	50.5233687140485	8.059058430735032	-35.08004788136546	44.90626345516228	141.60069910569484	70.7841297041968	-15.789951022657137	29.25008633474369	73.22261748287032	94.34859297582042	64.25654831383363	116.22333310923308	37.199878279543746	-32.424696742180814	-32.424696742180814	-32.424696742180814	-32.424696742180814	-32.424696742180814	-32.424696742180814	-32.424696742180814	-32.424696742180814	-32.424696742180814	-32.424696742180814	-32.424696742180814	-32.424696742180814	-32.424696742180814	-32.424696742180814	-32.424696742180814	-32.424696742180814	-32.424696742180814	-32.424696742180814	-32.424696742180814	-32.424696742180814	-9.701703137842756	18.78401256109325	63.23412659390132	12.040030344821382	-32.88225078963261	16.513116934938004	-69.73209841693142	-31.949474411092964	34.013698024446214	57.05171518336237	54.85010278405741	-99.1138195045391	3.1550465742626876	-40.61323516588724	-37.63565395015973	51.64703373884612	40.09729626576953	7.2996129620356225	-19.561524964228514	24.344710456003845	72.96773405253157	-58.944773967357484	-25.771500674092167	47.689383345414896	-116.9167992886104	-31.38472620667227	-25.887777861221	119.22519426968013	-33.87634134494165	24.41504765939921	88.63868566005164	59.806056119649796	-36.213337840016	-12.742850641299853	45.63456394218828	21.74496904390911	11.896316209906853	39.6496605711807	34.58027637586909	47.12603736245188	43.43124104240836	167.1662090220647	59.05304049180061	116.12564990799459	143.19411452255224	58.902182903197094	76.35341150770624	71.96416955281495	92.2667706886698	125.40570906212422	91.48854741707257	88.44875353778907	71.30030798930113	66.72611488180151	111.54368400471843	155.9195915016239	62.54385332180827	149.1219165642686	125.76644498813621	88.77630007821634	10.570223741175731	61.99861747378717	62.92725501725146	18.433201965077384	-19.397369187000095	2.198076870322147	45.05373567045957	18.480828132744342	48.52205482026018	-19.912243057077568	66.5062996340009	-26.049127799568062	48.315303637235154	-43.8272507871611	67.82033005767909	62.4597728778995	91.94752182944963	9.017320286577622	15.587521305327478	131.82435814070774	-21.19313688415768	23.442068657072774	-29.896926204095834	29.593472060437342	30.71014421881917	41.068735970476304	-4.318396931326312	67.91199225307462	-45.597880157699215	64.18026520078277	-19.92409192142108	-34.82144723806402	43.206405916772574	76.64260980652486	-7.457051935371451	-6.337820152888902	-32.540160003747744	-20.23984927032587	27.93429357748883	-18.11046022719961	92.64210133613769	24.11608268983435	67.89017221190142	-29.570121341821604	31.584181274736604	68.91161728975698	149.52298912434108	67.6409866142825	44.60407707644508	94.13252973708418	-5.1030318535819745	-17.277442951298013	41.70587785670063	-31.687262992378265	10.585510123150328	91.90273583104168	131.82488376349664	-3.2113935306647434	62.387526215491164	75.67663600621701	66.45552630037702	128.83370545285095	-56.660203362337455	133.21745590972628	100.02974970347034	127.29863335367253	97.44950624848221	31.429127316096217	74.42355687414434	118.38173425073668	112.52170680176798	88.38975393776457	63.722809396033625	67.73269810450749	-31.895020837310565	31.719818492556747	109.50227415781775	40.11560520954316	83.86178299055389	147.08020273611783
hc_sa_set	pop	2	3	108.8385671336327	-32.926980729592344	-62.50479171658408	-63.07778923348068	-17.018055320565942	76.11463467693429	-13.996947353545934	106.52504911072876	39.390044402228966	16.588930460697004	-22.478537278766343	70.40518692538636	23.602074277366277	35.576275187873705	88.88562629370985	7.76175322250149	81.46605072314394	68.07919921715438	96.71041462286445	26.481307929939668	13.203228873272586	98.93190469552076	35.32531147006951	48.03927819910237	71.14833695939764	83.33298883669471	45.88097804567905	101.09548193188664	28.84581807609339	-5.329316942804464	101.09740663613871	44.391646012093105	64.07657952208568	32.489713400723254	42.37519220886476	74.91816979761498	17.386260359455637	62.525565057126826	25.337291213774925	-34.33185481039284	13.812420990755115	116.50075899149982	79.04600103166543	41.953694631398946	28.455261830225147	108.07588118185399	98.06476972439415	150.24224750830768	131.3889640185501	106.78585134617308	167.114945970603	78.26789615884523	98.68995257547063	108.40653054064411	136.0664501658652	70.25844697963387	34.41951985766668	106.45939132940188	101.58567331946983	132.92558430668473	53.36393528936664	8.216002355556263	-40.27829318068067	41.76265456024049	76.70322194850988	44.872474508024006	-23.139449270299167	34.78691727454817	24.996475429839517	70.45690997243592	37.282209096675686	-3.2755407433923356	21.6886656676459	107.79185043367708	145.7235534268585	-14.16774457934676	14.81827897591543	53.44126565626234	-24.31086870501061	-12.552878575597939	105.99971638319565	116.69830914317424	153.17203728537805	79.56783376244924	158.4083941176791	10.62018919895729	124.76178167211724	198.72032575814163	89.5536498752756	99.96430731101344	200.7367842781996	159.2351656700157	106.00387832652267	91.78227730572549	167.03170971034316	124.54710711375928	127.36953415387177	178.14105748910532	99.62014009030963	41.53649636688379	80.9860598443573	193.6651819467486	57.46570441705827	151.74630939520907	120.57340058008259	72.43097130042679	104.27781685485681	6.345867382630082	47.31412849429115	120.97590923706832	139.62648217131562	139.84904773821523	108.35705321309514	99.40292705204537	68.20065017771432	89.21605662826758	68.92014138548788	67.67049260696389	104.30043188629894	74.4526353116688	-23.07082628520325	24.552969153104083	59.24775269466791	118.08203735904709	-33.71900816433944	-9.320662177501372	12.204688219496237	5.32874854157814	109.96636729816606	14.194106566294431	-71.98521587062572	54.57700143594938	56.369595294366235	80.92412399489758	23.446447039731382	-16.297783396750436	85.94018802449219	-62.35266182684035	88.33836612823842	125.50548455480359	68.53301178172548	23.417780680091756	102.2314762496276	140.6651523132069	122.73211609254236	146.04353250466764	116.08465057263585	94.2059650804429	163.9094200850551	122.24361801046973	97.62606134990881	117.63549164956848	161.34833783138714	110.63684805229573	112.80689013591876	78.75819470862815	105.26954820252423	128.22377927721243	146.12992290983664	106.00109199176377	112.70607649988656	73.89733070576958	129.3654961198263	169.04296796946898	103.4241799935539	162.2762377798539	75.25276831765169	63.48659217142204	93.95903870714477	89.10614732100473	22.530693514452995	20.45034462965978	34.5902690297707	70.33470888797501	69.75591088067658	96.18148302583234	49.35237420255562	92.46535357476597	83.51966907919734	48.37146257728401	12.437110241774114	-31.078785471555936	-22.463156369906827	-15.80767122545626	-67.10945189873894	-56.15780822835896	56.98097103183893	59.10758003855488	-32.15092507791091	-6.052914286018002	24.95745400109147	27.728188293976626	-7.268121338537149	-36.370193416332334	23.236728361233848	57.12591229597772	33.89203774344479	-3.733379342126213	-33.436639700604296	38.54714262274852
hc_sa_set	pop	2	4	-31.878115683808257	121.04240109870861	86.28916971516058	97.01669857913039	37.85108690940981	84.11749455015173	60.13652815831894	70.873582448337	42.23640348465818	75.94031720501175	79.52490596438228	86.98338682376604	87.30690092487846	65.4954913101976	101.36162083652738	23.690830011123126	-4.9297557832894	82.13708505269356	65.5693673281543	22.69271193815174	84.32842522573384	70.6956076810314	41.554593998648244	84.14175488633218	18.42141195092136	36.71382713024442	59.69117404445282	60.55698927096631	22.406102641457693	1.9601612283657879	8.173112094866955	4.036521886133379	40.049367219088765	59.267265507408396	45.101358003096564	112.20782139527266	21.27019320029316	111.29095073168898	-13.709602510459021	40.39364683213862	66.65570318278114	75.62659305885379	46.605322710102136	66.96701927986408	58.673957853414926	145.15397171633873	50.4825172718478	109.07866524667682	93.95455510025937	70.13038401368308	76.76441703058535	57.94312195812926	92.81590615174233	93.50879834800945	67.96246828751987	119.20806720852714	78.03675085452122	81.44329690435076	68.40056330165409	25.49972989752964	32.360676919387096	114.3565714038417	118.3236466791516	29.183660539965768	111.6405505089026	-1.7183123403688443	17.700961295320976	50.95099071850502	52.2664410350213	51.229167890367094	61.393128230991366	33.791118350688095	130.77265308194274	90.83786589091613	128.70667491765218	35.01123198050795	112.30835999252422	88.46688007350869	55.48290639445241	62.68773130018786	161.27187521579646	182.56944179408555	153.3869307041199	223.08750749033524	163.96131737141778	168.81937723338893	141.2024666524435	143.70534618745967	131.8897206056443	250.2535816747801	184.25663458224446	161.6087216855837	152.2214461084846	190.32887631120093	73.84128076922626	184.82254138979968	97.45782310501346	112.0981797844847	83.55953798805372	107.0698557145386	183.04213451556586	154.43666152756353	132.52031440287843	138.61762219190683	94.18085947718144	136.3797696896426	119.88165349693563	175.47713618281057	273.19241262371526	122.59280122818251	76.78198396115269	194.4175219133506	105.18712785359617	194.17082339180158	39.276323261201306	108.92804940981046	116.81843140612379	94.11367805975533	54.603290487229074	150.87183807496365	52.48018428051539	162.07166535500775	111.26171155773224	78.41890200056238	90.5146731747715	80.88886334269785	62.88545806360035	70.50426624716432	74.67753082745953	71.55595678016098	92.19823832714094	89.7108115231145	53.22214309917882	87.45587993491958	65.44263480604445	85.48723541710639	144.37601291938392	66.6669400872473	60.470267675475505	35.76415340088213	99.426006747076	19.982644191672307	108.49118848664958	107.08453144821249	68.95874285163522	57.92558986081378	93.29953568495569	122.83982180722597	18.031284042227156	94.66155592313562	97.14698350329516	79.66487413386332	54.64794955156637	123.14089618371878	89.69438618033848	176.73047215897583	93.62179449959761	19.85060905085039	136.00865703740624	104.74717356136605	75.09178184928739	36.41863283358102	26.998245444622	-35.24964791362814	15.61163306855387	62.31067518914278	-10.789678840368767	36.980905272756516	-38.664036897190044	26.925519265011097	37.57057146530192	8.147275616280162	23.6009275896548	-40.13031877344642	50.52821410047031	36.95292911346024	31.412012467638526	-8.519447878194757	46.46940775799843	23.821299631687136	1.5177688445709592	23.771060461983705	-42.00203101358388	-6.855108351696499	1.7130139679892906	-15.609585380508804	-37.84592391166324	5.274856373634355	26.800516562209456	-10.49473828368054	-18.829221056964624	-28.373561083516222	-23.14683133641212	-6.127755574545208	4.849781705681362	-40.981499162411744	-24.755023946411864	-15.67043699177308	34.93815186789955	69.02757767580306
hc_sa_set	pop	2	5	26.794519146458946	84.18294447792712	60.36752494003983	69.96865114106632	123.77882329808737	46.899211504878224	87.79222919467958	101.0769031396878	116.83178961316786	36.859084362831254	73.86381370302641	149.44341235683225	42.081935715781725	75.65188866716579	-5.542190483937489	76.07826164852989	108.03748613301408	61.57755297185243	73.39827094533541	31.913503033513805	99.71493142711904	111.59280650779422	77.62616531119394	73.12042399544282	176.42604889744823	190.24432081247357	104.79677446876255	154.54484502950507	120.45660282156626	184.2118517864812	144.9632172947256	81.94607091809955	143.54623926725435	133.73503059526837	106.95240822654853	223.72422305567727	124.1573015148467	185.30940816717845	154.0753921910056	259.8863783676218	-21.48219078600934	18.824413376329098	52.631355293084106	-24.782482471431948	25.31139931183647	34.24709062992663	66.63301665099115	94.3880861724998	-16.217092255832487	-20.55285568501697	-30.75242645708916	79.00433100006724	59.686415032086536	16.2793741955211	0.03244502685268458	-33.81936203826989	76.24726726469649	-2.0451855626643507	46.85846155732901	63.69168901813323	60.218572928224866	-14.192689363542883	1.7410966895001883	133.7569771242724	92.99120562631259	83.39705235720228	66.2940267378242	72.43626383008966	181.41319877436987	7.774663850422929	62.59557566537201	52.58524742183427	50.29187742367204	68.30802302476033	43.6444202504457	20.277111819288628	11.29717584419365	11.516049423809893	67.30774974088688	76.8998894058837	131.46339384022946	208.71305227671627	106.80532140269412	74.64445432277503	194.498865667008	91.99727018212256	113.76134882409106	171.03915199049445	149.437463483504	105.67561680206339	117.54097002655391	121.2281912610789	92.20375234984141	161.14724018938225	78.7189572868582	86.20704985325065	101.89453487810422	124.57732135940455	189.80129972851572	183.59425512444338	27.35957945464576	47.80750312268156	94.76894761065546	113.96764785336786	144.39379828239186	121.18351564050863	63.66636453785506	47.87324956908394	11.614581687774308	60.42211248010052	13.438876227124119	81.68178331677865	31.103674363277527	58.59704956684587	1.6779482837341657	47.06763707621536	-6.750270277986109	53.5086996366862	56.840160356477604	29.302195197379447	42.13314730489638	72.3409714883311	56.82030486250941	42.226516926141855	152.48595544524935	184.63043513672176	99.11815528132674	93.8277102365555	158.6575101606945	68.77067993245217	91.7383492616776	120.74214279614452	102.04790912843971	13.28071332768489	66.36606526631141	147.64431886434437	94.65020871861202	116.12060413507932	79.25923756823201	30.99397280407596	32.279964485558615	62.45695230676908	123.48626561082378	66.06708522945692	43.30961400642768	73.74738565272897	-8.69421580742587	50.21745414827128	51.537755860418116	60.82239400756564	103.6953815624261	55.92068654455226	116.97681944517608	68.60521767958093	11.935030913948399	55.64292905937714	11.42792474368326	77.2525452234357	51.16631412639956	9.062106175479336	164.88598464121145	68.71457306551594	105.98925573146064	103.34828940865616	88.7003387649894	129.2404354045322	190.45126382891422	170.47245633722918	177.14587754172976	70.30609322657565	93.42492242442822	202.45187784073434	126.81301203771793	108.79630185287459	186.6273711018253	210.5356657800902	192.73573415070013	154.9448528405222	166.26537460230702	126.86892566151444	-22.58212912321166	32.530972430273	76.62574912468934	71.37255785897314	168.7791285311111	7.868452006779371	109.67081602075339	113.77859065514244	25.69045408545937	145.30532956372892	104.43761497085106	113.4745128941899	122.59226205301702	-43.442945014108176	95.72545829879071	15.714019800360802	106.83306083784768	46.70623914501323	131.82201163132632	127.7558301444165
hc_sa_set	pop	2	6	155.21141257457418	37.888713402475005	156.61356090037515	87.5664150488297	29.43411880293148	54.95565145584166	82.0812199307174	71.37412059223615	132.45787676556108	56.659821248485514	103.83671141348125	103.87935869701926	26.151727548726	84.84472849869258	80.93328566942623	105.22392032986826	17.545817391370626	179.9442395752703	33.83052067841536	-15.493171451588871	-27.037098019937133	37.04418733721996	2.723141081781895	54.03768832168212	95.37620761205147	-10.810491410662316	94.04759895868932	14.747333696548575	37.825889398966716	86.21006612379304	81.29929322036082	122.67086158677441	12.725640305302964	-7.276444338205351	24.429551302863164	-3.194976464170992	36.47858454521141	3.323880341375215	14.898838787969744	121.89094379368703	120.47887696526999	140.60935442544377	123.45800508618355	149.32126716063996	129.32202545298225	249.17010510758675	101.28733939370325	113.68523444585537	164.98871933349824	162.38702907331955	191.4039690008113	116.85059789896313	178.82029460609562	129.39456927500362	143.6926135093321	129.04387923006834	144.30122727453534	90.46524965346987	150.0165429514181	157.38038764234528	131.07088265307317	102.84811810108985	110.86744719360833	62.896538771047844	164.2643141755311	44.75028500748142	164.33409472086635	69.40145487029264	141.21401526152084	51.634529835284894	97.98352038219289	49.83068293595373	40.005764355330314	56.25219908334618	123.12164083215578	25.968521683331282	128.0507327363996	82.91104777016147	92.76454820023436	115.55540916713291	142.8490783206509	76.75776584572412	111.21857294924611	-1.4834121697918583	89.45413172530654	46.27055444206604	3.066063070595284	43.40656702287981	10.18042451333394	-3.0110091115716564	9.596699076397876	81.29721310054549	55.40455950770804	117.0769481553218	74.36531854901548	105.32388020613871	52.59475102878828	38.73332971471743	106.38634881896249	91.03376312474491	159.97292268340126	104.62067585686249	117.48274514173343	90.21901131411661	70.10531659406149	112.75996794689453	103.03321809044755	106.70978634691396	178.09424388891395	134.48917517328684	58.93872538020746	59.07083259968228	80.49059344727951	107.55012761708	86.79959195603459	20.619918201713517	182.63153137011972	26.907240134420285	149.53711585251847	131.41157571262312	50.21745414827128	50.21745414827128	50.21745414827128	50.21745414827128	50.21745414827128	50.21745414827128	50.21745414827128	50.21745414827128	50.21745414827128	50.21745414827128	50.21745414827128	50.21745414827128	50.21745414827128	50.21745414827128	50.21745414827128	50.21745414827128	50.21745414827128	50.21745414827128	50.21745414827128	50.21745414827128	81.15951275173	64.44151468188265	149.51262494603657	59.492488270406895	69.66241309752094	46.91081299264037	96.93715765310469	45.8268283645736	73.72737910989818	109.11604060368198	45.113821293011014	45.154239570669525	67.26307818965954	78.94477603968258	50.29955730622595	66.99656469817117	16.773455664734126	61.291984191313595	86.0746728431663	22.24973352637665	92.19044932789657	43.70811488738519	85.27588353388933	-2.237701620281264	48.06530367007534	63.86404745216906	76.10058161311784	20.305647725947182	83.35744535017156	66.93575129098971	121.05403874421607	114.80161339112578	71.30280155884363	115.61742914728143	25.46859859910956	121.32514743087651	84.73440149987582	44.5183679582467	79.40770277874165	53.30082489964523	67.21559816443423	16.446778926332485	88.34093103755754	28.735715793735828	115.3678226489896	93.87813300996234	5.2981608664821636	34.55064770670431	29.27429663264111	59.527921257213634	-4.247326646988284	22.23738140722677	79.42918342662574	-24.696781244162644	81.36463252794152	32.02725559282085	22.04783410168661	49.760939217197645	11.83182844948523	113.41614792169666
hc_sa_set	pop	2	7	149.32126716063996	149.32126716063996	149.32126716063996	149.32126716063996	149.32126716063996	149.32126716063996	149.32126716063996	149.32126716063996	149.32126716063996	149.32126716063996	149.32126716063996	149.32126716063996	149.32126716063996	149.32126716063996	149.32126716063996	149.32126716063996	149.32126716063996	149.32126716063996	149.32126716063996	149.32126716063996	81.30031410454528	35.174463155803714	74.60300200359166	-34.65449760607839	90.1949977521578	76.55724270417556	20.828541555246737	55.08607474140862	49.36865644640698	107.02730167970462	39.42881929799016	44.47190207066335	85.56362458520937	46.86942715469561	57.44045778528755	69.58271642764902	81.23272837939051	87.35762874742633	63.153330676661085	86.1238931371369	77.47449485377675	49.2036367217418	90.86497362746871	85.16616338958747	74.16592878013873	-9.932682631263589	42.41077668835705	49.11339057190673	68.11770892703504	82.41836045007106	69.90906602388873	25.488413446960703	-53.003360884329936	126.46656699253796	15.994241819759136	66.08822822655063	56.30668848255242	103.69595680911883	74.07032259843461	47.8533854664623	100.7216441471728	73.80651344092433	53.89619290225718	47.67904715956054	27.166555026635617	111.00528135480408	100.69333701731802	110.20054308108121	51.210216603401946	59.78361890542985	109.30438820663572	23.177295085337363	103.97847418916493	91.74876098590613	41.73734891515866	77.8580750280421	90.20241738143619	114.91335101237372	46.33240945734407	66.63242021560491	157.20776517953635	98.57010035197757	66.2378733782956	185.32103317733265	100.35682638353728	162.93934507789203	86.17252544229676	131.32045743238294	155.97508659378656	99.04349336285496	97.68333039428151	54.291761733585496	119.45447211104832	122.73092484628725	168.19889053945428	205.5857849615324	142.8849961482922	65.9077726182979	142.33464677381457	188.52847441571188	175.88589850349126	113.82398921426787	103.6297386454951	179.78727871001712	134.60086668946312	188.45304369984132	154.74447405948172	162.22696534179562	179.92035216273132	134.06193200318438	155.83216657347864	192.24653294179217	153.0431931042673	128.31339702018875	157.96510439705298	167.81187593492783	116.79402333382039	128.7721377565179	144.67039859225093	250.29609114013812	46.91081299264037	46.91081299264037	46.91081299264037	46.91081299264037	46.91081299264037	46.91081299264037	46.91081299264037	46.91081299264037	46.91081299264037	46.91081299264037	46.91081299264037	46.91081299264037	46.91081299264037	46.91081299264037	46.91081299264037	46.91081299264037	46.91081299264037	46.91081299264037	46.91081299264037	46.91081299264037	133.46300885204792	77.29042189866713	135.14286519857308	131.6344461107547	119.10532097004281	147.22226392950913	155.09732545725075	67.38148368022662	139.7618924947436	53.320918849744714	119.18670156189188	147.62931879403737	97.57020260642841	102.08485838275048	113.86409019955647	123.85526312415963	151.92926938617182	120.02689902047803	98.99723626555519	100.74512742690476	78.62639307222872	49.26245380110242	53.126092447116314	53.78863092055965	66.03256475909895	78.84795479939982	1.3845631010967505	59.345314625907754	1.209038280057782	63.918177422198994	83.79369197529147	59.62947398353627	14.48715442406618	66.69467054245922	24.73546821567319	160.94350051338694	81.73726883755845	20.034873026813475	111.41663947083944	50.97916604335964	88.50776478596832	75.68955299002636	0.2431163430291008	26.65537930695806	193.12645313492857	127.90642713099783	85.43527473996173	102.53122281490906	24.094819934396064	129.81559245004968	176.75285496305156	86.1149488803388	64.77951553877975	99.52860437745755	6.934542347258031	117.94431385947269	106.67742541397243	42.79144688598585	72.07733314048572	13.356871822219798
hc_sa_set	pop	2	8	151.19661409197943	191.58953121924225	126.74183895314226	113.68159758529887	168.18493958594038	97.04597587337484	169.84450315137366	151.4814762146926	136.28653363219615	95.05154273237648	176.3796900028392	210.5413301122644	140.82673523001804	156.19560709449286	166.1523919043429	239.80996629614444	175.9638217987033	147.69313249173894	215.48172926717564	155.84614862763127	114.91335101237372	114.91335101237372	114.91335101237372	114.91335101237372	114.91335101237372	114.91335101237372	114.91335101237372	114.91335101237372	114.91335101237372	114.91335101237372	114.91335101237372	114.91335101237372	114.91335101237372	114.91335101237372	114.91335101237372	114.91335101237372	114.91335101237372	114.91335101237372	114.91335101237372	114.91335101237372	55.65724285398971	120.67046749574317	132.96131535950335	170.77110344630566	111.70670315110567	147.9858416690584	167.3382048440629	185.05434119596148	179.10216890387966	149.61360680792097	131.26690771300107	132.78389713864985	148.27833708530218	139.4222825305793	141.2339748126375	156.14589291274982	185.07871936215497	103.97252168874333	187.95084577393914	176.62573276797036	68.00174936832643	-48.98257381538066	17.405276859156427	81.1157344816065	79.80543496898646	87.22880218899365	116.19068464171326	44.89520708117402	32.737486264868004	24.551264916581488	90.66394156446123	131.60833119323365	19.20764236417338	41.702324714835704	152.6831267573213	114.78370585321423	7.934071455738149	114.50028204119644	84.57093531649684	27.192234426823525	84.72403346786406	196.76843648113885	149.10757677357353	182.1681458925095	83.00448654406651	103.6616945730954	165.0198734930925	104.83257348891813	190.96315689225543	167.3613810031157	160.23395779012748	248.1857955869279	175.27863999291156	137.93956091347223	82.02845270494478	124.10965707947992	231.30368290797114	237.91005367609188	192.60126793254818	128.9815203272097	74.44953623155588	52.88217751680783	138.57750035887096	77.23008028251961	44.310838580380135	86.72158343384399	169.41755514079935	143.51332680730096	82.57983213028776	62.58983313815499	132.18540423426637	121.76554684507101	74.85504075502877	143.73720090145392	145.36416859474645	62.9118600698965	66.44213746181417	99.00526690844032	152.03791696312922	94.90829100821426	135.08946387218805	82.02890118291474	109.19230667881823	60.30712526417146	150.19161916677308	143.97022711518912	115.70410384181469	114.67294365702375	102.90095028754388	193.3347517853778	193.66623047751105	127.4873577328247	137.69541501204054	115.2034834342164	149.93757394805118	163.15032657437973	141.24147687273282	167.0802473789568	123.9407797815775	109.28839677264126	149.19228398257331	106.5142832668466	47.25355364530985	40.170919035305715	49.473993056022856	76.04778351614067	39.986262511689404	103.27829569906812	57.88489970172208	115.53498396415576	127.70769315230572	78.81554438995735	65.6588977543868	160.5369751143842	80.16383357714491	136.1692902468367	41.81599995235533	113.17537108585648	153.36549909964103	23.96370390592087	45.10699360404622	4.451338884854991	55.74516213267756	41.15742642810306	81.8653390883953	-27.294782048564656	-24.955794590297998	46.564043808717905	20.454156854384127	42.16100460424006	-50.48449440805424	-27.294347591535477	30.591715674822584	39.544484768371404	41.96282067384399	63.41080423310189	20.278475458539614	-6.116501496707016	74.40048949963725	55.468097804073885	173.32359543759492	93.25514439547219	99.35699453469397	179.81530928660015	151.06368240758206	56.73868101860198	105.17985165842126	124.9099742369894	82.46576562137906	158.01717811362448	127.70962179656124	162.43885917629765	228.64247211124902	147.94767768956626	119.5542076968103	72.69091275115463	127.50920278737743	107.98583348272521	188.47233449336392	72.17570733073025
hc_sa_set	pop	2	9	158.50879955390727	136.30980436305214	68.06041348551567	54.174834110955025	146.23599095989857	74.35480988261135	107.41807247077121	22.882352296607767	63.39098880042944	136.43424451517987	130.70330288466863	70.64039453176957	113.79001212934132	61.96277584938193	92.55690850047641	115.85981051961373	39.87391773827344	55.05861286859829	-4.52492240012451	89.33465337936843	5.681031040464234	39.133332203032964	63.041473843156254	77.96921126848694	87.2309033406132	93.49347354112025	48.11074019546014	72.40598028240994	101.38837322463337	147.66993083784124	73.52485149929805	92.74194332399267	121.82997539563229	126.4329560461409	139.80798804457845	113.68424162015245	44.55534499038198	79.47657351259119	76.70244753354598	44.773256993290914	95.31338038421532	55.488877108050886	19.977389498525337	111.9367293812488	68.72201268567636	67.21709840530409	130.6196631409482	16.90964095977654	25.06865805217213	84.27193152155931	14.60341623827108	79.2595863768005	126.87673837914646	81.87425695493985	104.44602778887563	115.56744929322878	48.6138972493751	31.43174806976267	59.92747204360153	69.06480933769961	137.93956091347223	137.93956091347223	137.93956091347223	137.93956091347223	137.93956091347223	137.93956091347223	137.93956091347223	137.93956091347223	137.93956091347223	137.93956091347223	137.93956091347223	137.93956091347223	137.93956091347223	137.93956091347223	137.93956091347223	137.93956091347223	137.93956091347223	137.93956091347223	137.93956091347223	137.93956091347223	2.813574422399631	-6.59423901773841	36.907802532075834	103.69730449908963	125.72153128220411	39.169823331360234	115.55098912099892	130.096501692792	111.36228057736074	67.56532716683157	81.91293177525026	116.09963794598296	43.29761849421297	54.71948568944723	97.77291187223669	105.67093083986626	30.40219760125366	81.01614829784701	160.50872113742804	30.230015263630868	125.6036246509417	70.83507857635388	96.13749547058325	120.78750901731114	96.74336307347536	34.64124179386869	-30.492430282915706	121.81076017984803	108.0362982961165	53.219227659919156	58.25176134935157	24.87613189793477	94.47985200074142	35.786574205328705	143.11653884020376	70.90738044493969	63.8386835872896	93.10204510084034	56.52423212587946	68.43133196879995	145.85135215399805	63.99617136901735	167.75732550522633	102.92992249547575	110.97260793732269	197.9247855892487	210.8638995688655	200.4108398174464	129.76164309675585	165.92560829589323	113.77523859291709	143.9645844179121	123.74844730312839	162.56134795693322	174.77123856553004	134.02054588824953	197.98250578310308	121.96730930740817	98.02561735933453	71.0229115041337	105.74179377441237	156.2497558237523	142.56641884967735	74.91831256094375	130.03759231231123	141.81325504583126	109.00967262471079	82.75411019375024	98.64378393125966	154.45021083216994	170.4251054770382	85.17898847183051	144.3837790938601	150.56024713997084	126.4671958333401	176.35052117507234	92.93448014736958	122.2115228680225	93.440842920876	177.15007814315766	216.66459387079553	221.02712004282537	169.19115899780888	155.67090465910496	176.97005306528052	223.89563257782675	180.25924159468832	116.03304639018195	168.52612803808952	235.80238118149674	127.35783683332374	167.83123442525127	171.2057812272737	197.80149115641453	248.1676573742641	180.3644968129571	121.0185955645261	201.705733212201	126.1175499208691	232.50454146341605	98.5237868946564	187.9030608111115	147.50637299128869	116.17420648415886	61.54079652246278	112.66169832746155	87.1275097471761	72.54978381110226	73.43810230694342	174.9620349588563	170.68247363861207	169.8454484557489	122.91879766593381	134.00113107131534	127.3098777873877	38.04198576167494	49.786806198712696	201.99015584843414	104.4338940323498	76.58743371542538
hc_sa_set	pop	2	10	107.88085316812355	41.103650090031	-28.627631027583003	160.609880900233	115.53896011505313	1.498720951306609	103.9257702769703	41.522703665136575	78.70528126490787	118.350778652417	53.98172954468242	111.47693897090456	34.30471413010527	27.7233814855758	79.8845529913157	96.74866767406287	110.21830357300661	113.7313712003587	161.53364188643448	91.61393884232064	120.33019428085949	41.83617724919223	75.76537206537022	78.02395579928859	56.29292501106827	136.63448412204048	130.29292117751962	123.14372781916101	184.19634066300372	133.06694415699795	154.78148369042685	133.0199349277682	101.86638402078731	159.351084306692	43.083678047081605	120.28916275348016	58.47483554962153	-1.6233260326929155	143.40094921543363	31.312812507839702	125.7388299152571	61.256620204341864	70.36379781699756	96.81735241094952	155.38336972481522	100.45985990633714	104.3436604210646	83.2893855971602	96.86491893103457	132.34329375294865	89.89736607652499	104.91915911551504	106.4604811207107	92.90572031064607	104.91520604796267	62.60977615370629	153.0817953881204	122.74738097133948	123.67322656642656	95.62949559307079	182.93711529195292	126.36602893436634	201.29793762403406	111.92750066013292	177.2534426135913	123.29966634393705	115.79245597397691	189.99323744613895	113.5936473500206	146.24591401597934	133.90392907471676	166.98474023149058	122.44004255438824	153.31880891699464	143.94396218396383	157.48425601679395	155.3838467646321	130.2034288613736	130.958071786363	229.04728856071264	121.18344680761868	77.11901060809487	105.63380376075125	170.3795286315883	79.49295592670677	61.515930495444245	82.92323518839977	153.8981157706057	101.36952453909056	119.53842327132722	132.81916020670857	77.88484254001798	159.88850981201978	1.789311338741129	167.79903597626287	143.95641581903215	59.368727588110964	76.75065897343109	33.829531059188014	62.28203854346877	129.01201853978586	129.21440761077642	36.24368896367071	129.1381536647114	107.19287639836337	94.09724573110661	55.96197938082362	43.44057687922963	59.88175020060838	90.78232861463545	97.37430627215826	67.33722056149578	69.0394066045816	13.426969652165813	43.5122673139233	127.07412632115484	131.0893008635798	101.860587081911	91.17152842916786	130.78302717559376	106.54596269754092	51.88889827584683	125.75127401791471	131.59695199952532	145.12884177399823	124.32537267509952	42.06774003497384	116.13925076520843	142.22615475216088	148.57629879618804	100.96257314715265	145.071938603255	63.63626722787811	73.05239665119387	127.43213021564866	121.09518526481611	87.1168501691432	123.63613829431566	157.8493263949493	129.90866060084215	53.87854041841116	131.32710379533592	125.31309394417141	172.78458547783094	28.712865916089815	127.5856175580009	108.43822843944369	63.12489775738246	79.77257436430236	93.4115173380932	104.50999230036385	121.9227499009791	101.06655439638624	77.99081729779708	61.4909113034668	88.86522008782354	86.82267772317796	107.38735172314192	80.48003133856082	81.21338382338297	37.131770959182624	65.95516700380392	97.02338157417104	51.16967029896439	3.655720964017892	78.47992609707254	26.77182699770573	120.79030570703645	47.21953054402991	58.22082375440161	61.65662662724792	55.71167578243026	104.26236038566432	78.21519773623379	85.26925569928599	114.07461138981682	69.35591747431597	91.33956286754352	74.78369887333844	118.38970460028526	178.5158490445085	245.0592187457912	222.91262838069537	155.85014514508035	188.95150592351644	162.98754847201874	224.9269662094456	141.12039235104132	126.6424743213033	143.73254669277537	123.18704193884042	222.06148774348532	169.00997641843696	165.39304150238024	181.9784872252667	235.63816547288093	136.93408613660728	208.23881533383326	178.68838532003636	185.56573848337626
